お父さん,千尋。
お父さん,千尋！
お父さん,もうすぐだよ。
お母さん,やっぱり田舎ねぇ。
お母さん,買い物は隣町に行くしかなさそうね。
お父さん,住んで都にするしかないさ。
お父さん,ほら、あれが小学校だよ。
お父さん,千尋、新しい学校だよ。
お母さん,結構きれいな学校じゃない？
千尋,前のほうがいいもん。
千尋,あっ…ああ！
千尋,お母さん！お花しおれてっちゃった。
お母さん,あなたずーっと握りしめてるんだもの。
お母さん,お家に着いたら、水切りすれば大丈夫よ。
千尋,初めてもらった花束がお別れの花束なんて悲しい。
お母さん,あら。この前のお誕生日にバラの花をもらったじゃない？
千尋,１本ね。１本じゃ花束って言えないわ。
お母さん,カードが落ちたわ。
お母さん,窓開けるわよ。
お母さん,もう、シャンとしてちょうだい。
お母さん,今日は忙しいんだから。
お父さん,あれ？道を間違えたかな。
お父さん,おかしいなぁ。
お母さん,あそこじゃない？ほら。
お父さん,ん？
お母さん,あの隅の青い家でしょう？
お父さん,あれだ。
お父さん,１本下の道を来ちゃったんだな。
お父さん,このまま行って行けないかなぁ…。
お母さん,やめてよ、そうやっていつも迷っちゃうんだから。
お父さん,ちょっとだけ。ねっ？
千尋,あの家みたいの何？
お母さん,石のほこら。神様のお家よ。
千尋,お父さん、大丈夫？
お父さん,任せとけ。この車は四駆だぞ。
お母さん,千尋、座ってなさい。
千尋,わっ…わっ…うわっ！
千尋,ああー！
お母さん,あなた！いいかげんにして！
お父さん,トンネルだ！
お母さん,なぁに？この建物。
お父さん,門みたいだね。
お母さん,あなた！
お母さん,戻りましょう！あなた。
お母さん,千尋。
お母さん,もう…。
お父さん,何だ。モルタル製か。
お父さん,結構新しい建物だよ。
千尋,あっ…。
千尋,風を吸い込んでる。
お母さん,なぁに？
お父さん,ちょっと行ってみない？向こうへ抜けられるんだ。
千尋,ここイヤだ！戻ろう、お父さん！
お父さん,何だ。怖がりだな、千尋は。
お父さん,ねっ？ちょっとだけ。
お母さん,引っ越しセンターのトラックが来ちゃうわよ。
お父さん,平気だよ。鍵は渡してあるし。
お父さん,全部やってくれるんだろ？
お母さん,そりゃそうだけど…。
千尋,イヤだ！私、行かないよ！
千尋,戻ろうよ、お父さん！
お父さん,おいで。平気だよ。
千尋,私、行かない！
千尋,うっ…。
千尋,あっ！
お母さん,千尋は車の中で待ってなさい。
千尋,ん…。
千尋,お母さーん！
千尋,待ってー！
お父さん,足元気をつけな。
お母さん,千尋、そんなにくっつかないでよ。
お母さん,歩きにくいわ。
千尋,ここどこ？
お母さん,あっ！ほら、聞こえる。
千尋,電車の音！
お母さん,案外駅が近いのかもしれないね。
お父さん,行こう。すぐ分かるさ。
千尋,こんなとこに家がある…。
お父さん,やっぱり間違いないな。
お父さん,テーマパークの残骸だよ、これ。
お父さん,１９９０年頃に、あっちこっちでたくさん計画されてさ。
お父さん,バブルがはじけて、みんなつぶれちゃったんだ。
お父さん,これもその１つだよ、きっと。
千尋,えー？！まだ行くの？！
千尋,お父さん、もう帰ろうよ！
千尋,ねえー！
千尋,お母さん、あの建物うなってるよ。
お母さん,風鳴りでしょ？
お母さん,気持いいとこねぇ。
お母さん,車の中のサンドイッチ持って来ればよかった。
お父さん,川を造ろうとしたんだね。
お父さん,ん？
お父さん,何かにおわない？
お父さん,ほら、うまそうなにおいがする。
お母さん,あら、ホントね。
お父さん,まだやってるのかもしれないよ、ここ。
お母さん,千尋、早くしなさい。
千尋,待ってー！
お父さん,こっちだ。
お母さん,あきれた。これ全部食べ物屋よ。
千尋,誰もいないね。
お父さん,ん？
お父さん,あそこだ！
お父さん,おーい！おーい！
お父さん,こっちこっち。
お母さん,わぁ、すごいわね！
お父さん,すみませーん！どなたかいませんかー？
千尋,千尋もおいで。おいしそうよ。
お父さん,すみませーん！
お母さん,いいわよ。そのうち来たら、お金を払えばいいんだから。
お父さん,そうだな。
お父さん,そっちにいいやつが…。
お母さん,これ、何ていう鳥かしら？
お母さん,おいしい！千尋、すっごくおいしいよ。
千尋,いらない！
千尋,ねえ、帰ろう。お店の人に怒られるよ。
お父さん,大丈夫、お父さんがついてるんだから。
お父さん,カードも財布も持ってるし。
お母さん,千尋も食べな。骨までやわらかいよ。
お父さん,からし。
お母さん,ありがとう。
千尋,お母さん！お父さん！
千尋,変なの…。
千尋,電車だ！
ハク,ハっ…。
千尋,ん？
ハク,ここへ来てはいけない！すぐ戻れ！
千尋,えっ？
ハク,じきに夜になる。その前に早く戻れ！
ハク,もう明かりが入った。急いで！
ハク,私が時間をかせぐ。川の向こうへ走れ！
千尋,何よ？あいつ。
千尋,お父さーん！
千尋,お父さん、帰ろう！
千尋,帰ろう、お父さん！
千尋,あーっ！
千尋,うわー！！キャー！！
千尋,お父さーん！お母さーん！
千尋,お母さーん！
千尋,水だ！
千尋,ウソ…。
千尋,夢だ！夢だ！
千尋,覚めろ！覚めろ！覚めろ！
千尋,覚めて…。
千尋,これは夢だ。夢だ。
千尋,みんな消えろ。消えろ。消えろ！
千尋,ああっ！透けてる！
千尋,ああ！
千尋,夢だ！絶対夢だ！
千尋,ギャー！
千尋,ハっ！
ハク,怖がるな。私はそなたの味方だ。
千尋,イヤ。イヤ！イヤ！
ハク,口を開けて。これを早く。
ハク,この世界のものを食べないと、そなたは消えてしまう。
千尋,イヤ！
千尋,あっ！
ハク,大丈夫。食べても豚にはならない。
ハク,かんでのみなさい。
ハク,いい子だ。もう大丈夫。
ハク,触ってごらん。
千尋,触れる…。
ハク,ねっ？
ハク,さっ、おいで。
千尋,お父さんとお母さんは？どこ？
千尋,豚なんかになってないよね？
ハク,今は無理だが、必ず会えるよ。
ハク,静かに。
ハク,そなたを捜しているのだ。
ハク,時間がない。走ろう！
千尋,ああ！立てない！どうしよう？
千尋,力が入んない。
ハク,落ち着いて。深く息を吸ってごらん。
ハク,そなたの内なる風と水の名において…解き放て。
ハク,立って！
千尋,あっ！ああ！
ハク,橋を渡る間、息をしてはいけないよ。
ハク,ちょっとでも吸ったり吐いたりすると、術が解けて、店の者に気づかれてしまう。
千尋,怖い。
ハク,心を静めて。
蛙男,いらっしゃいませ。
蛙男,お早いお着きで。
蛙男,いらっしゃいませ。いらっしゃいませ。
ハク,所用からの戻りだ。
蛙男,へい！お戻りくださいませ。
ハク,深く吸って…
ハク,… 止めて。
湯女,いらっしゃーい！お待ちしてましたよ！
ハク,しっかり。もう少し…。
青蛙,ハク様ー！
青蛙,どこへ行っておった？
千尋,わっ！
青蛙,ゲっ？人か？
ハク,走れ！
湯女たち,あーれー！
湯女たち,イヤーン！
青蛙,ん？
兄役,ハク様！ハク様！
兄役,ええい？におわぬか？人が入り込んだぞ！
兄役,人くさいぞ！人くさいぞ！
ハク,感づかれたな。
千尋,ごめん。私、息しちゃった。
ハク,いや、千尋はよく頑張った。
ハク,これからどうするか話すからよくお聞き。
ハク,ここにいては必ず見つかる。
ハク,私が行ってごまかすから、そのすきに千尋はここを抜け出して…。
千尋,イヤ！行かないで！
千尋,ここにいて！お願い！
ハク,この世界で生き延びるためにはそうするしかないんだ。
ハク,ご両親を助けるためにも。
千尋,やっぱり豚になったの夢じゃないんだ。
ハク,ジッとして。
ハク,騒ぎが静まったら、裏のくぐり戸から出られる。
ハク,外の階段を一番下まで下りるんだ。
ハク,そこにボイラー室の入り口がある。火をたく所だ。
ハク,中にカマジイという人がいるから、カマジイに会うんだ。
千尋,カマジイ？
ハク,その人にここで働きたいって頼むんだ。
ハク,断られても、ねばるんだよ。
ハク,ここでは仕事を持たない者は、湯バーバに動物にされてしまう。
千尋,湯バーバって？
ハク,会えばすぐに分かる。
ハク,ここを支配してる魔女だ。
ハク,イヤだとか帰りたいとか言わせるように仕向けて来るけど、働きたいってだけ言うんだ。
ハク,つらくても、耐えて機会を待つんだよ。
ハク,そうすれば、湯バーバも手が出せない。
千尋,うん…。
湯女たち,ハク様ー！ハク様ー！
ハク,行かなければ…。
ハク,忘れないで。私は千尋の味方だからね。
千尋,どうして私の名を知ってるの？
ハク,そなたの小さい時から知っている。
ハク,私の名はハクだ。
ハク,ハクはここにいるぞ！
蛙男,ハク様、湯バーバ様が。
ハク,分かっている。そのことで外へ出ていた。
千尋,イヤ！
千尋,キャっ！イヤ！イヤー！！
千尋,イヤーーっ！
千尋,あ…あのう…。
千尋,すいません…。
千尋,あ…あのう…。
千尋,あのう、カマジイさんですか？
釜爺,ん？
釜爺,ん？んー？
千尋,あの、ハクという人に言われて来ました。
千尋,ここで働かせてください。
釜爺,んー…。
釜爺,えーい…こんなに一度に…。
釜爺,チビども、仕事だ！
釜爺,わしゃあ、カマジイだ。風呂釜にこき使われとるジジイだ。
釜爺,チビども、早くせんか！
千尋,あの、ここで働かせてください！
釜爺,へえ…手は足りとる。そこら中ススだらけだからな。
釜爺,いくらでも代わりはおるわい。
千尋,あっ、ごめんなさい。
千尋,あっ、ちょっと待って。
釜爺,邪魔、邪魔。
千尋,あっ！
千尋,ど…どうするの？これ。
千尋,ここに置いといていいの？
釜爺,手ぇ出すならしまいまでやれ！
千尋,えっ？
千尋,よしっ…。
釜爺,こらー！チビども！
釜爺,ただのススに戻りてぇのか？！
釜爺,あんたも気まぐれに手ぇ出して、ひとの仕事を取っちゃならねえ。
釜爺,働かなきゃな、こいつらの魔法は消えちまうんだ！
釜爺,ここにあんたの仕事はねえ！他を当たってくれ。
釜爺,何だ？お前達！文句があるのか？！
釜爺,仕事しろ！仕事！
リン,飯だよ！
リン,何だ？またケンカしてんの？
リン,よしなさいよ、もう。
リン,器は？
リン,ちゃんと出しといてって言ってるのに。
釜爺,飯だ！休憩！
リン,うわっ？！
千尋,あっ！
リン,人間がいるじゃん！やばいよ！
リン,さっき上で大騒ぎしてたんだよ！
釜爺,わしの孫だ。
リン,孫？！
釜爺,働きたいと言うんだが、ここは手が足りとる。
釜爺,おめぇ、湯バーバのとこへ連れてってくれねえか？
釜爺,あとは自分でやるだろう。
リン,やなこった！あたいが殺されちまうよ。
釜爺,これでどうだ？
釜爺,イモリのクロヤキ。上物だぞ。
釜爺,どのみち働くには湯バーバと契約せにゃならん。
釜爺,自分で行って、運を試しな。
リン,チェっ！そこの子、ついて来な。
千尋,あっ…わっ！
リン,あんたね、「はい」とか「お世話になります」とか言えないの？
千尋,あっ、はい。
リン,ドンくさいね。早くおいで。
千尋,はい。
リン,靴なんか持ってどうするのさ？！靴下も！
千尋,はい！
リン,あんた、カマジイにお礼言ったの？世話になったんだろ？
千尋,うっ…。
千尋,ありがとうございました。
釜爺,グッドラック。
リン,湯バーバは建物のテッペンのその奥にいるんだ。
千尋,わっ！
リン,早くしろよ。
千尋,あっ…。
リン,鼻がなくなるよ。
リン,もう一回乗り継ぐからね。
千尋,はい。
リン,着くよ。
リン,いらっしゃいませ。
お白様,ウウー…。
リン,お客様、このエレベーターは上へはまいりません。
リン,他をお探しください。
千尋,ついて来る。
リン,キョロキョロすんじゃないよ。
蛙男,到着でございます。
蛙男,右手のお座敷でございます。
蛙男,ん？リン。
リン,はーい。
蛙男,何かにおわぬか？
蛙男,人間だ。お前、人間くさいぞ。
リン,そうですかぁ？
蛙男,におう、におう。うまそうなにおいだ。
蛙男,お前何か隠しておるな。
蛙男,正直に申せ！
リン,このにおいでしょ？
蛙男,クロヤキ…くれー！
リン,やなこった。おねえ様方に頼まれてんだよ。
蛙男,頼む！ちょっとだけ！せめて足１本！
リン,上へ行くお客様？レバーをお引きください。
湯婆婆,ノックもしないのかい？！
湯婆婆,まぁ、みっともない娘が来たもんだね。
湯婆婆,さあ、おいで。
湯婆婆,おいでな。
千尋,あっ！
千尋,痛い…。
湯婆婆,うるさいねぇ。静かにしておくれ。
千尋,うわっ！
千尋,あのう…ここで働かせてください。
湯婆婆,バカなおしゃべりはやめとくれ。
湯婆婆,そんなヒョロヒョロに何ができるのさ。
湯婆婆,ここはね、人間の来る所じゃないんだ。
湯婆婆,八百万の神様達が疲れを癒やしに来るお湯屋なんだよ。
湯婆婆,それなのに、お前の親は何だい？
湯婆婆,お客様の食べ物を豚のように食いちらして！
湯婆婆,当然の報いさ。
湯婆婆,お前も元の世界には…戻れないよ。
湯婆婆,子豚にしてやろう。
湯婆婆,あっ！石炭というてもあるね。
湯婆婆,ハハハハハ！震えているね。
湯婆婆,でも、まぁ、よくここまでやって来たよ。
湯婆婆,誰かが親切に世話を焼いたんだね。
湯婆婆,褒めてやらなきゃ。
湯婆婆,誰だい？それは、教えておくれな。
千尋,あっ…。
千尋,ここで働かせてください！
湯婆婆,まだそれを言うのかい？！
千尋,ここで働きたいんです！
湯婆婆,だーまーれー！！
湯婆婆,何で私がお前を雇わなきゃならないんだい？！
湯婆婆,見るからに、グズで、甘ったれで、泣き虫で、頭の悪い小娘に、仕事なんかあるもんかね！
湯婆婆,お断りだね！
湯婆婆,これ以上、ごくつぶしを増やしてどうしろっていうんだい！
湯婆婆,それとも一番つらーいきつーい仕事を死ぬまでやらせてやろうか？
千尋,ハッ！
坊,アダー！
湯婆婆,ああ、やめなさい！どうしたの？
湯婆婆,今すぐ行くから、いい子でいなさいね。
湯婆婆,まだいたのかい？！さっさと出て行きな！
千尋,ここで働きたいんです！
湯婆婆,大きな声を出すんじゃないよぉ！
湯婆婆,ああ、ちょっと待ちなさい。ねっ？ねっ？
湯婆婆,いい子だから。ほらほら。
千尋,働かせてください！！
湯婆婆,分かったから静かにしておくれ！
湯婆婆,ああ、よしよしー…。
湯婆婆,契約書だよ。
湯婆婆,そこに名前を書きな。
湯婆婆,働かせてやる。
湯婆婆,その代わり、イヤだとか帰りたいとか言ったら、すぐ子豚にしてやるからね。
千尋,あの、名前ってここですか？
湯婆婆,そうだよ。もうグズグズしないでさっさと書きな。
湯婆婆,まったく。
湯婆婆,つまらない誓いを立てちまったもんだよ。働きたい者には仕事をやるだなんて。
湯婆婆,ハっ！
湯婆婆,書いたかい？
千尋,はい。
千尋,あっ…。
湯婆婆,フンっ。千尋というのかい。
千尋,はい。
湯婆婆,ぜいたくな名だね。
湯婆婆,今からお前の名前は千だ。
湯婆婆,いいかい？千だよ。
湯婆婆,分かったら返事をするんだ！千！
千尋,は…はい！
ハク,お呼びですか？
湯婆婆,今日からその子が働くよ。世話をしな。
ハク,はい。
ハク,名は何という？
千尋,えっ？
千尋,ち…あっ…千です。
ハク,では、千。来なさい。
千尋,ハク…あのう…。
ハク,むだ口をきくな。
ハク,私のことはハク様と呼べ。
父役,いくら湯バーバ様のおっしゃりでもそれは…。
兄役,人間は困ります。
ハク,すでに契約されたのだ。
父役,なんと…。
千尋,よろしくお願いします。
湯女１,私らのとこにはよこさないどくれ。
湯女２,人くさくてかなわんわ。
ハク,ここのものを３日も食べれば、においは消えよう。
ハク,それで使いものにならなければ、焼こうが煮ようが好きにするがいい。
ハク,仕事に戻れ！リンはどこだ？
リン,えーっ？！あたいに押しつけんのかよ！
ハク,手下を欲しがっていたな。
父役,そうそう。リンが適役だぞ。
リン,えーっ…。
ハク,千、行け。
千尋,はい。
リン,やってらんねえよ！
リン,埋め合わせはしてもらうからね。
父役,はよ、行け！
リン,フンっ！
リン,来いよ。
リン,お前、うまくやったなぁ！
千尋,えっ？
リン,お前トロいからさ、心配してたんだ。
リン,油断するなよ。分からないことはオレに聞け。なっ？
千尋,うん…。
リン,ん？どうした？
千尋,足がフラフラするの…。
リン,ここがオレ達の部屋だよ。
リン,食って寝りゃ元気になるさ。
リン,腹かけ。自分で洗うんだよ。
リン,はかま。
リン,チビだからなぁ。
リン,でかいな？
千尋,リンさん、あの…。
リン,何？
千尋,ここにハクっていう人、２人いるの？
リン,２人？！
リン,あんなの２人もいたら、たまんないよ。
リン,ダメか。
リン,あいつは湯バーバの手先だから気をつけな。
千尋,ウっ…ウーっ…。
リン,おかしいなぁ。
リン,あー！あった、あった。
リン,ん？
リン,おい、どうしたんだよ？しっかりしろよ。
湯女３,うるさいな。何だよ？リン。
リン,気持悪いんだって。新入りだよ。
千尋,ハっ！
ハク,橋の所へおいで。
ハク,お父さんとお母さんに会わせてあげる。
千尋,あっ！
千尋,靴がない。
千尋,ん？ああ…。
千尋,ありがとう。
千尋,あっ…。
ハク,おいで。
千尋,あっ！
千尋,お父さん、お母さん！私よ！
千尋,せ…千よ。
千尋,お母さん！お父さん！
千尋,病気かな？ケガしてる？
ハク,いや。お腹がいっぱいで寝ているんだよ。
ハク,人間だったことは、今は忘れている。
千尋,お父さん、お母さん！きっと助けてあげるから！
千尋,あんまり太っちゃダメだよ！食べられちゃうからね！
ハク,これは隠しておきな。
千尋,あっ！　
千尋,捨てられたかと思ってた。
ハク,帰る時にいるだろ。
千尋,これ、お別れにもらったカード。
千尋,「ちひろ」？
千尋,ちひろって…私の名だわ！
ハク,湯バーバは相手の名を奪って支配するんだ。
ハク,いつもは千でいて、本当の名前はしっかり隠しておくんだよ。
千尋,私、もう取られかけてた。千になりかけてたもん。
ハク,名を奪われると、帰り道が分からなくなるんだよ。
ハク,私はどうしても思い出せないんだ。
千尋,ハクの本当の名前？
ハク,でも、不思議だね？千尋のことは覚えていた。
ハク,お食べ。ごはんを食べてなかったろう？
千尋,食べたくない。
ハク,千尋の元気が出るようにまじないをかけて作ったんだ。お食べ。
ハク,つらかったろう？さっ、お食べ。
ハク,１人で戻れるね？
千尋,うん。ハクありがとう。私、頑張るね。
ハク,うん。
千尋,ああっ！
千尋,ああっ…。
リン,どこへ行ってたんだよ？心配してたんだぞ。
千尋,ごめんなさい。
湯女１,邪魔だねぇ。
千尋,うわっ！
リン,千！もっと力入んないの？
兄役,リンと千、今日から大湯番だ。
リン,えーっ？！あれはカエルの仕事だろ！
兄役,上役の命令だ。骨身を惜しむなよ。
千尋,あのう…そこぬれませんか？
リン,千！早くしろよ！
千尋,はーい！
千尋,ここ、開けときますね。
湯女２,リン、大湯だって？
リン,ほっとけ。
リン,ひでぇ…。ずーっと洗ってないぞ、これ。
千尋,わっ！
リン,この風呂はさ、汚れたお客専門なんだよ。
リン,こびりついてて取れやしない。
兄役,リン、千。一番客が来ちまうぞ。
リン,はーい！今すぐ！
リン,チェっ！見えすいたイビリしやがって。
リン,一回薬湯入れなきゃダメだ。千、番台へ行って札もらって来な。
千尋,札？
千尋,うわっ！
リン,薬湯の札だよ。
千尋,はーい。
千尋,リンさん、番台って何？
湯婆婆,ん…何だろうね。何か来たね。
湯婆婆,雨にまぎれてろくでもないものがまぎれこんだかな。
番台蛙,そんなもったいないことができるか！
番台蛙,おはようございます！
番台蛙,よくお休みになられましたか？
湯女,春日様。
番台蛙,はい、硫黄の上。
番台蛙,いつまでいたって同じだ。戻れ、戻れ！
番台蛙,手でこすればいいんだ！
番台蛙,おはようございます！
番台蛙,手を使え、手を。
千尋,でも…あの…薬湯じゃないとダメだそうです。
番台蛙,分からんヤツだなぁ。
番台蛙,あっ、よもぎ湯ですね？どうぞ、ごゆっくり。
千尋,あっ！
番台蛙,はい、番台です。
番台蛙,あっ、はい！
番台蛙,うわっ！
千尋,あっ！
千尋,ありがとうございます！
番台蛙,あっ、違う！
番台蛙,こら！待て！おい！
湯婆婆,どうしたんだい？
番台蛙,いえ、何でもありません。
湯婆婆,何か入り込んでるよ。
番台蛙,人間ですか？
湯婆婆,それを調べるんだ。今日はハクがいないからね。
リン,ヘぇー…ずいぶんいいのくれたじゃん。
リン,これがさ、カマジイのとこへ行くんだ。
リン,込んでないからすぐ来るよ、きっと。
リン,これを引けば、お湯が出る。やってみな。
千尋,わっ！
リン,千って、ホントドジなぁ。
千尋,わー、すごい色。
リン,こいつにはさ、ミミズの干物が入ってんだ。
リン,こんだけ濁ってりゃ、こすらなくても同じだな。
リン,いっぱいになったら、もう一回引きな。止まるから。
リン,もう離して大丈夫だよ。
リン,オレ、朝飯取ってくんな。
千尋,はーい。
千尋,あっ…。
千尋,うわっ！
千尋,痛い…。
千尋,あのう…お風呂まだなんです。
千尋,えっ？こんなにたくさん…。
顔無し,ウ…ウ…。
千尋,えっ？私にくれるの？
顔無し,ア…ア…。
千尋,あの…それ、そんなにいらない。
顔無し,ア…。
千尋,ダメよ！１つでいいの。
顔無し,ア…。
千尋,えっ？
千尋,あっ！
千尋,わあっ！
父役,奥様！
湯婆婆,クサレ神だって？
父役,それも特大のオクサレ様です。
蛙男,真っすぐ橋へ向かって来ます。
青蛙、,お帰りください。お引きとりください。
青蛙、,どうぞお帰りください！お帰りください！
青蛙、,お帰りください！お引きとりください！
青蛙,ク…サ…イ…。
湯婆婆,うーん、おかしいね。クサレ神の気配なんかじゃなかったんだが。
湯婆婆,来ちまったものは仕方がない。お迎えしな！
湯婆婆,こうなったら、できるだけ早く引きとってもらうしかないよ。
兄役,リンと千！湯バーバ様がお呼びだ。
千尋,あっ、はい！
湯婆婆,いいかい？お前の初仕事だ。
湯婆婆,これから来るお客を大湯で世話するんだよ。
千尋,あ…あのう…。
湯婆婆,四の五の言うと石炭にしちまうよ。分かったね！
父役,みえました。
千尋,うっ！
湯婆婆,おやめ！お客さんに失礼だよ！
湯婆婆,ヨク・オコヒ・クダサヒマヒタ…。
湯婆婆,アっ…オカネ…。
湯婆婆,セン！ハヤク・オウケトリナ。
千尋,ハ…ハイ。
千尋,うーっ！
湯婆婆,ナニ・ヒテルンダイ？！ハヤク・ゴアンナイヒナ！
千尋,ド…ドウゾ。
リン,セーン！
リン,うっ！ひでぇ…。
リン,飯が！
湯婆婆,窓をお開け！全部だよ！
千尋,あーっ！
千尋,えっ？ちょっと待って！
湯婆婆,ホホホホホ。汚いね。
父役,笑いごとではありません。
湯婆婆,あの子どうするかね。
湯婆婆,ほう、足し湯をする気だよ。
父役,ああ！汚い手で壁に触りおって！
湯婆婆,ん？千に新しい札あげたのかい？
父役,まさか！そんなもったいない。
千尋,うっ！
千尋,うわっ！
父役,あぁ！あんな高価な薬湯を！
千尋,あっ！
リン,セーン！セン、どこだ？！
千尋,リンさん！
リン,大丈夫か？！
リン,カマジイにありったけのお湯出すように頼んで来た！
リン,最高の薬湯をおごってくれるって！
千尋,ありがとう！
千尋,あの、ここにトゲみたいのが刺さってるの！
リン,トゲ？！
千尋,深くて取れないの！
湯婆婆,トゲ？トゲだって？
湯婆婆,うーん…下に人数を集めな！
父役,ヘッ？
湯婆婆,急ぎな！
湯婆婆,千とリン！そのお方はオクサレ神ではないぞ！
湯婆婆,このロープをお使い！
千尋,はい！
リン,よっと。
リン,しっかり持ってろ！
千尋,はい！
湯婆婆,グズグズするんじゃないよ！女も力を合わせるんだ！
千尋,結びました！
湯婆婆,んー！湯屋一同、心をそろえて！
湯婆婆,引けやー！そーれっ！
一同,そーれっ！
一同,そーれっ！
一同,そーれっ！
一同,そーれっ！
千尋,あっ！
一同,そーれっ！
一同,そーれっ！
千尋,自転車？
湯婆婆,やはり！さあ、引くんだよ！
一同,そーれっ！
一同,そーれっ！
河の神,あー…。
千尋,うわっ！
リン,セーン！大丈夫か？！
河の神,よきかな…。
千尋,あっ…。
湯婆婆,んー？
蛙男,砂金だ！
父役,こらー！会社のものだ！勝手に取るな！
湯婆婆,静かにおし！お客様がまだおいでなんだよ！
湯婆婆,千、お客様の邪魔だ。そこを下りな。
湯婆婆,大戸を開けな！お帰りだ！
河の神,アッハハハハ…。
湯婆婆,千！よくやったね！大儲けだよ！
湯婆婆,ありゃあ名のある川の主だよ。
湯婆婆,みんなも千を見習いな！
湯婆婆,今日は１本つけるからね。
湯婆婆,さあ、拾った砂金を全部出しな！
リン,食う？かっぱらって来た。
千尋,ありがとう。
リン,フー…やれやれ。
千尋,ハクいなかったね。
リン,またハクかよ。
リン,あいつ時々いなくなるんだよ。
リン,うわさじゃさ、湯バーバにやばいことやらされてんだって。
千尋,そう…。
湯女,リン、消すよ。
リン,ああ。
千尋,町がある。海みたい…。
リン,当たり前じゃん。雨が降りゃ海ぐらいできるよ。
リン,オレ、いつかあの町に行くんだ。こんなとこ絶対にやめてやる。
千尋,うっ！ウエーっ！
リン,ん？どうしたん？
青蛙,砂金だ！
青蛙,あっ！
青蛙,お主、何者だ？客人ではないな。そこに入ってはいけないのだぞ！
青蛙,おっ！
青蛙,金だ！金だ！
青蛙,こ…これ、わしにくれるのか？
顔無し,ア…ア…ア…。
青蛙,き…金を出せるのか？
顔無し,ア…ア…。
青蛙,くれ！
兄役,誰ぞ？そこにおるのか？
兄役,消灯時間はとうに過ぎたぞ。
顔無し(青蛙),兄役殿、オレは腹がへった。腹ペコだ。
兄役,そ…その声は？！
顔無し(青蛙),前金だ。受け取れ。
顔無し(青蛙),わしは客だぞ。風呂にも入るぞ！みんな起こせー！
千尋,お父さん、お母さん。河の神様からもらったおダンゴだよ。
千尋,これを食べれば、人間に戻れるよ、きっと。
千尋,お父さん、お母さん、どこ？
千尋,お父さーん！
千尋,ハっ！
千尋,フー…やな夢。
千尋,リン？
千尋,誰もいない。
千尋,あっ、本当に海になってる！
千尋,ここからお父さん達のとこ見えるんだ。
千尋,カマジイがもう火をたいてる。そんなに寝ちゃったのかな。
兄役,お客様がお待ちだぞ！もっと早くできんのか？！そこ！
父役,余りものでも何でもいい！どんどんお出ししろ。
リン,セーン！
千尋,リンさん。
リン,今起こしに行こうと思ったんだ。見な！
リン,本物の金だ！もらったんだ。
リン,すげぇ気前のいい客が来たんだ。
顔無し(青蛙),オレは腹ペコだ！全部持って来い！
千尋,そのお客さんて…。
リン,千も来い。湯バーバまだ寝てるからチャンスだぞ。
千尋,私、カマジイのとこ行かなきゃ。
リン,今カマジイのとこ行かないほうがいいぞ！
リン,たたき起こされてものすごく不機嫌だから！
湯女,リン、もう一回行こう。
リン,ああ！
千尋,お父さんとお母さん分からなかったらどうしよう？
千尋,お父さんあんまり太ってたらやだなぁ。
千尋,ん？あっ！
千尋,橋のとこで見た竜だ！こっちへ来る！
千尋,何だろう？鳥じゃない。
千尋,うわっ！
千尋,ハク！しっかり！こっちよ！
千尋,ハク？
千尋,ハクー！
千尋,ヒャー！
千尋,うわぁ！あー！あー！
千尋,あっ…ただの紙だ。
千尋,ハクね？ハクでしょ？
千尋,ケガしてるの？あの紙のトリは行ってしまったよ。
千尋,もう大丈夫だよ。
千尋,うわっ！
千尋,湯バーバのとこへ行くんだ…。
千尋,どうしよう？ハクが死んじゃう！
兄役,♪ そーれ！さぁてもこの世にきわまれる、お大尽様のおなりだよ！それー！
一同,いらっしゃいませー！
兄役,♪ それ！おねだり、あっ、おねだり！それっ！
一同,お大尽様！お大尽様！
湯女１,来るよ！
蛙男１,今度こそもらわなきゃ。
湯女２,いくらでも手からわくんだって！
蛙男２,お大尽様！こちらへもひとまき！
蛙男３,こらっ、何をする？
千尋,上へ行くんです。
蛙男３,ダメだ、ダメだ。ん？
蛙男３,あっ！血だ！
兄役,どけどけ。お客様のお通りだ。
千尋,あの時はありがとうございます。
兄役,何をしてる？はよ…。
兄役,うっ！
千尋,あっ…。
顔無し,ア…ア…ア…。
顔無し,ア…ア…ア…。
顔無し,エ…エ…。
千尋,欲しくない。いらない。
顔無し,エ…エ…。
千尋,私、忙しいので失礼します。
兄役,ええい！静まれ！静まらんか！
兄役,下がれ、下がれ！
兄役,これはとんだご無礼をいたしました。
兄役,何ぶん新米の人間の小娘でございまして…。
顔無し(青蛙),お前、なぜ笑う？
兄役,えっ？
顔無し(青蛙),笑ったな。
兄役,めっそうもない！
湯女３,あーっ！
一同,食ったー！！
千尋,わっ！
千尋,湯バーバ！
千尋,ああっ！
湯婆婆,まったく何てことだろうね！
千尋,あっ！
湯婆婆,そいつの正体はカオナシだよ。
湯婆婆,そう！カオナシ！
湯婆婆,欲にかられてとんでもない客を引き入れたもんだよ！
湯婆婆,私が行くまで余計なことをすんじゃないよ。
湯婆婆,あーあ、敷物を汚しちまって。
湯婆婆,お前達、ハクを片付けな。
千尋,えっ？
湯婆婆,もうその子は使いものにならないよ。
千尋,あっ！
湯婆婆,バア。
坊,ンン…。
湯婆婆,もう、坊はまたベッドで寝ないで…。
坊,アアア…アアア…。
湯婆婆,ああ、ごめんごめん。いい子でおネンネしてたのにね。
湯婆婆,バーバはまだお仕事があるの。
湯婆婆,いい子でおネンネしててね。
千尋,あっ！
千尋,痛い！離して！
千尋,あっ、助けてくれてありがとう。
千尋,私、急いで行かなくちゃならないの。離してくれる？
坊,お前、病気うつしに来たんだな？
千尋,えっ？
坊,おんもには悪いバイキンしかいないんだぞ。
千尋,私、人間よ。この世界じゃちょっと珍しいかもしれないけど。
坊,おんもは体に悪いんだぞ。ここにいて坊とお遊びしろ。
千尋,あなた病気なの？
坊,おんもに行くと病気になるからここにいるんだ。
千尋,こんなとこにいたほうが病気になるよ！
千尋,あのね、私のとても大切な人が大ケガしてるの。
千尋,だからすぐ行かなきゃならないの。お願い、手を離して！
坊,行ったら泣いちゃうぞ。
坊,坊が泣いたらすぐバーバが来てお前なんか殺しちゃうぞ。
坊,こんな手すぐ折っちゃうぞ。
千尋,痛い！痛い！
千尋,ねっ、後で戻って来て遊んであげるから。
坊,ダメ！今遊ぶの！
坊,ん？
千尋,血！分かる？血！
千尋,ハクー！
千尋,何するの？！あっち行って！シッ、シッ。
千尋,ハク！ハクね！しっかりして！
千尋,静かにして！ハク！
千尋,あっ！
千尋,あっち行って！
千尋,あっ！ダメ！
坊,血なんか平気だぞ。
坊,遊ばないと泣いちゃうぞ。
千尋,待って。ねっ？いい子だから！
坊,坊と遊ばないと泣いちゃうぞ…。
千尋,お願い！待って！
銭婆,うるさいねぇ。静かにしておくれ。
銭婆,あんたはちょっと太り過ぎね。
銭婆,やっぱりちょっと透けるわね。
坊,バーバ。
銭婆,やれやれ。お母さんと私の区別もつかないのかい。
銭婆,そのほうが少しは動きやすいだろ。
銭婆,さーてと…お前達は何がいいかね。
千尋,あっ！
銭婆,フフフ…。
銭婆,このことは内緒だよ。
銭婆,誰かにしゃべるとお前の口が裂けるからね。
千尋,あなたは誰？
銭婆,湯バーバの双子の姉さ。
銭婆,お前さんのおかげで、ここを見物できて面白かったよ。
銭婆,さあ、その竜を渡しな。
千尋,ハクをどうするの？ひどいケガなの。
銭婆,そいつは妹の手先のドロボー竜だよ。
銭婆,私の所から大事なハンコを盗み出した。
ハク,ハクがそんなことするはずない！優しい人だもん。
銭婆,竜はみんな優しいよ。優しくて愚かだ。
銭婆,魔法の力を手に入れようとして、妹の弟子になるなんてね。
銭婆,この若者は欲深の妹の言いなりだ。
銭婆,さあ、そこをどきな。
銭婆,どのみちこの竜はもう助からないよ。
銭婆,ハンコには守りのまじないがかけてあるからね。盗んだ者が死ぬようにと。
千尋,イヤ！ダメ！
銭婆,何だろうね？この連中は。
銭婆,これっ、おやめ。部屋にお戻りな。
銭婆,ん？
千尋,あっ！
銭婆,あらあら、油断したねぇ。
千尋,ハク！あっ、ダメ！キャー！
千尋,ハク！
釜爺,うわっ！
釜爺,何ごとじゃい？！
千尋,ハク！
釜爺,待ちなさい！
千尋,ハク！
千尋,苦しいの？
釜爺,こりゃー、いかん。
千尋,ハク！しっかり！
千尋,どうしよう？ハクが死んじゃう！
釜爺,体の中で何かが命を食い荒らしとる。
千尋,体の中？
釜爺,強い魔法だ。わしにはどうにもならん。
千尋,ハク、これ、河の神様がくれたおダンゴ。
千尋,効くかもしれない。食べて。
千尋,ハク、口を開けて！
千尋,ハク、お願い！食べて！
千尋,ほら、平気だよ。
釜爺,そりゃあニガダンゴか。
千尋,開けて…いい子だから…。
千尋,大丈夫…。飲み込んで！
釜爺,出た！こいつだ！
千尋,あっ！
千尋,ハンコ！
釜爺,逃げた！あっち！あっち！あっち！
千尋,うわっ！あっ！あっ！
千尋,ああああ！
釜爺,エンガチョ！千！エンガチョ！
釜爺,切った！
千尋,おじさん、これ、湯バーバのお姉さんのハンコなの。
釜爺,ゼニーバの？魔女の契約印か！
釜爺,そりゃまたえらいものを …。
千尋,ああ…やっぱりハクだ！おじさん、ハクよ！
釜爺,おう…。
千尋,ハク！ハク！ハク！
千尋,おじさん！ハク息してない！
釜爺,まだしとるがな、魔法の傷は油断できんが…。
釜爺,これで少しは落ち着くといいんだが…。
釜爺,ハクはな、千と同じように突然ここにやって来てな。
釜爺,魔法使いになりたいと言いおってな。
釜爺,わしは反対したんだ。魔女の弟子なんぞ、ろくなことはないってな。
釜爺,聞かないんだよ。
釜爺,もう帰る所はないと、とうとう湯バーバの弟子になっちまった。
釜爺,そのうち、どんどん顔色は悪くなるし、目つきばかりきつくなってな。
千尋,カマジイさん、私これ、湯バーバのお姉さんに返して来る。
千尋,返して、謝って、ハクを助けてくれるように頼んでみる。
千尋,お姉さんのいる所を教えて。
釜爺,ゼニーバの所へか？
釜爺,あの魔女は怖えぇぞ。
千尋,お願い！
千尋,ハクは私を助けてくれたの。私ハクを助けたい。
釜爺,うーん…行くにはな…。行けるだろうが、帰りがな…。
釜爺,待ちなさい。
釜爺,確か…ここだったか…。
千尋,みんな、私の靴と服、お願いね。
リン,千！ずいぶん捜したんだぞ！
千尋,リンさん。
リン,ハクじゃん。何かあったのか？ここ。
リン,何だ？そいつら。
千尋,新しい友達なの。ねっ？
リン,湯バーバがカンカンになってお前のこと捜してるぞ！
リン,気前がいいと思ってた客がカオナシって化け物だったんだよ。
リン,湯バーバは千が引き入れたって言うんだ。
千尋,あっ…そうかもしれない。
リン,ええっ？！ホントかよ…。
千尋,だって、お客さんだと思ったから…。
リン,どうすんだよ？あいつもう３人ものんじゃったんだぞ！
釜爺,あった！これだ！千、あったぞ！
リン,じいさん、今忙しいんだよ。
釜爺,これが使える。
リン,電車のキップじゃん。どこで手に入れたの？こんなの。
釜爺,４０年前の使い残りだ。
釜爺,いいか？電車で６つ目の沼の底という駅だ。
千尋,沼の底？
釜爺,そうだ。とにかく６つ目だ。
千尋,６つ目ね。
釜爺,間違えるなよ。
釜爺,昔は戻りの電車があったんだが、近頃は行きっぱなしだ。
釜爺,それでも行くかだ。
千尋,うん。帰りは線路を歩いて来るからいい。
リン,湯バーバはどうすんだよ？
千尋,これから行く。
千尋,ハク、きっと戻って来るから、死んじゃダメだよ。
リン,何がどうしたの？
釜爺,分からんか？愛だ。愛。
湯女１,ますます大きくなってるよ！
湯女２,やだ。あたい食われたくない。
湯女３,来たよ。
父役,千か！よかった。湯バーバ様ではもうおさえられんのだ。
湯婆婆,オホホホホ！
湯婆婆,何もそんなに暴れなくても、千は来ますよ。
顔無し (青蛙),千はどこだ？千を出せ！
父役,さあ、急げ。
父役,湯バーバ様、千です。
湯婆婆,遅い！
湯婆婆,お客様、千が来ましたよ。ほんのちょっとお待ちくださいね。
湯婆婆,何をグズグズしてたんだい？！このままじゃ大損だ！
湯婆婆,あいつをおだててしぼれるだけ金をしぼり出さ…。
湯婆婆,ん？
坊,チュウ。
湯婆婆,何だい？その汚いネズミは。
千尋,えっ？あのう…ご存じないですか？
湯婆婆,知るわけないだろ？おー、イヤだ。
湯婆婆,さあ、行きな。
湯婆婆,ごゆっくり。
父役,千、１人で大丈夫でしょうか？
湯婆婆,お前が代わるかい？
父役,イっ！
湯婆婆,フン。
顔無し(兄役),これ食うか？うまいぞー。
顔無し(兄役),金を出そうか？千の他には出してやらないことにしたんだ。
顔無し(兄役),こっちへおいで。
顔無し(兄役),千は何が欲しいんだ？言ってごらん。
千尋,あなたはどこから来たの？
千尋,私すぐ行かなきゃならないとこがあるの。
顔無し(兄役),ううっ。
千尋,あなたは来た所へ帰ったほうがいいよ。
千尋,私が欲しいものはあなたには絶対出せない。
千尋,お家はどこなの？お父さんやお母さんいるんでしょう？
顔無し(青蛙),イヤだ…イヤだ…。
顔無し(青蛙),寂しい…寂しい…。
千尋,お家が分からないの？
顔無し(青蛙),千、欲しい…千、欲しいー。
顔無し(兄役),欲しがれ。
千尋,私を食べる気？
顔無し(青蛙),取れ。
顔無し(兄役),取れ！
坊,チュウ！
千尋,私を食べるなら、その前にこれを食べて。
千尋,ホントはお父さんとお母さんにあげたかったんだけど、あげるね。
千尋,あっ！
顔無し(兄役),千…。
千尋,あっ…。
顔無し(兄役),小娘が何を食わした？！
湯婆婆,みんな、おどき！
湯婆婆,お客様とて許せぬ！
千尋,こっちだよ！
千尋,こっち！
顔無し(青蛙),許せん…。
リン,セーン！こっちだー！
千尋,来た。こっちだよー！
リン,呼んでどうすんだよ？！
千尋,あの人湯屋にいるからいけないの。あそこを出たほうがいいんだよ。
リン,だってどこ連れてくんだよ？
千尋,分かんないけど。
リン,「分かんない」って…。
リン,あーあ、ついて来るぞ、あいつ。
リン,ここから歩け。
千尋,うん。
リン,駅は行けば分かるって。
千尋,ありがとう。
リン,必ず戻って来いよ。
千尋,うん！
リン,セーン！お前のことドンくさいって言ったけど、取り消すぞー！
リン,カオナシ！センに何かしたら、許さないからな！
千尋,あれだ！
千尋,電車が来た。来るよ。
千尋,あのう、沼の底までお願いします。
千尋,えっ？あなたも乗りたいの？
顔無し,ア…ア…。
千尋,あの、この人もお願いします。
顔無し,ア…ア…。
千尋,おいで。
千尋,おとなしくしててね。
ハク,おじいさん。
釜爺,ん…う～ん…。
釜爺,おっ、ハク。気がついたか。
ハク,おじいさん、千はどこです？
ハク,何があったのでしょう？教えてください。
釜爺,お前、何も覚えてないのか？
ハク,切れ切れにしか思い出せません。
ハク,闇の中で千尋が何度も私を呼びました。
ハク,その声を頼りにもがいて、気がついたらここに寝ていました。
釜爺,そうか…千尋か…。
釜爺,あの子は千尋というのか？
釜爺,いいなぁ…愛の力だなぁ。
湯婆婆,これっぱかしの金でどう埋めあわせするのさ。
湯婆婆,千のバカが！せっかくの儲けをフイにしちまって。
青蛙,で…でも、千のおかげで、オレ達助かったんです。
湯婆婆,お黙り！
湯婆婆,みんな自分でまいた種じゃないか。
湯婆婆,それなのに、勝手に逃げ出したんだよ。
湯婆婆,あの子は自分の親を見捨てたんだ！
湯婆婆,親豚は食べ頃だろ？ベーコンにでもハムにでもしちまいな。
ハク,お待ちください。
青蛙,ハク様！
湯婆婆,何だい？お前。生きてたのかい。
ハク,まだ分かりませんか？大切なものがすり替わったのに。
湯婆婆,ずいぶん生意気な口をきくね。
湯婆婆,いつからそんなに偉くなったんだい？
湯婆婆,坊…。
湯婆婆,ああ！ンギャー！
湯婆婆,坊ー！
青蛙,土くれだ！
湯婆婆,坊ー！
湯婆婆,どこにいるの？坊ー！
湯婆婆,出て来ておくれ！
湯婆婆,坊！
湯婆婆,坊…坊…。
湯婆婆,おのれー！言えーー！
湯婆婆,私の坊をどこへやったー？！
ハク,ゼニーバの所です。
湯婆婆,ゼニーバ？
湯婆婆,あぁ…。
湯婆婆,なるほどね。性悪女め。
湯婆婆,それで私に勝ったつもりかい？ヒヒヒ…。
湯婆婆,で？どうするんだい？
ハク,坊を連れ戻して来ます。
ハク,その代わり、千と両親を人間の世界へ戻してやってください。
湯婆婆,それでお前はどうなるんだい？
湯婆婆,その後私に八つ裂きにされてもいいんかい？！
千尋,この駅でいいんだよね。
千尋,行こう。
千尋,肩に乗っていいよ。
銭婆,お入り。
千尋,失礼します。
銭婆,入るなら、さっさとお入り。
千尋,おいで。
銭婆,みんなよく来たね。
千尋,あ…あの…。
銭婆,まぁ、お座り。今お茶をいれるからね。
千尋,ゼニーバさん。これ、ハクが盗んだものです。お返しに来ました。
銭婆,お前、これが何だか知ってるかい？
千尋,いえ。でも、とっても大事なものだって…。
千尋,ハクの代わりに謝りに来ました。ごめんなさい。
銭婆,お前、これを持ってて何ともなかったかい？
千尋,えっ？
銭婆,あれ？守りのまじないが消えてるね。
千尋,すいません！あのハンコについてた変な虫、私が踏みつぶしちゃいました！
銭婆,踏みつぶした？アハハハハ！
銭婆,あんた、その虫はね、妹が弟子を操るために竜の腹に忍び込ませた虫だよ。
銭婆,踏みつぶした！アハハハハ…。
銭婆,さぁ、お座り。
銭婆,お前はカオナシだね？お前もお座りな。
千尋,あっ、あの…この人達を元に戻してあげてください。
銭婆,おや？あんた達、魔法はとっくに切れてるだろ？
銭婆,戻りたかったら戻りな。
銭婆,私達２人で一人前なのに、気が合わなくてね。
銭婆,ほら、あの人ハイカラじゃないじゃない？
銭婆,魔女の双子なんて厄介の元ね。
銭婆,お前を助けてあげたいけど、私にはどうすることもできないよ。
銭婆,この世界の決まりだからね。
銭婆,両親のことも、ボーイフレンドの竜のことも、自分でやるしかない。
千尋,でも、あの、ヒントか何かもらえませんか？
千尋,ハクと私、ずっと前に会ったことがあるみたいなんです。
銭婆,じゃ、話が早いよ。
銭婆,一度あったことは忘れないものさ。思い出せないだけで。
銭婆,まぁ、今夜は遅いからゆっくりして行きな。
銭婆,お前達、手伝ってくれるかい？
銭婆,ハハハハ…ほれ、頑張って。
銭婆,そうそう。うまいじゃないか。ホントに助かるよ。
銭婆,魔法で作ったんじゃ、何にもならないからね。
銭婆,そこをくぐらせて、そう２回続けるの。
千尋,おばあちゃん、やっぱり帰る。
千尋,だって、こうしてる間に、ハクが死んじゃうかもしれない。
千尋,お父さんやお母さんが食べられちゃうかもしれない。
銭婆,まぁ、もうちょっとお待ち。
銭婆,さぁ、出来たよ。髪留めにお使い。
千尋,わぁ…きれい…。
銭婆,お守り。みんなでつむいだ糸を編み込んであるからね。
千尋,ありがとう。
銭婆,いい時に来たね。お客さんだよ。出ておくれ。
千尋,はい。
千尋,ああっ！
千尋,ハク！
千尋,ハク！
千尋,ああ、よかった。
千尋,ケガは？もう大丈夫なの？
千尋,よかった。
銭婆,フフフ…グッドタイミングね。
千尋,おばあちゃん、ハク生きてた！
銭婆,ハク竜、あなたのしたことはもうとがめません。
銭婆,その代わり、その子をしっかり守るんだよ。
銭婆,さぁ、坊や達、お帰りの時間だよ。また遊びにおいで。
銭婆,お前はここにいな。私の手助けをしておくれ。
顔無し,ア…ア…。
千尋,おばあちゃん！
千尋,ありがとう。私、行くね。
銭婆,大丈夫。あんたならやり遂げるよ。
千尋,私の本当の名前は千尋っていうんです。
銭婆,千尋…いい名だね。
銭婆,自分の名前を大事にね。
千尋,はい！
銭婆,さっ、お行き。
千尋,うん。
千尋,おばあちゃん！ありがとう！さようなら！
千尋,ハク、聞いて。
千尋,お母さんから聞いたんで、自分では覚えてなかったんだけど、私小さい時、川に落ちたことがあるの。
千尋,その川はもうマンションになって、埋められちゃったんだって。
千尋,でも、今思い出したの。
千尋,その川の名は…その川はね、コハク川。
千尋,あなたの本当の名は…コハク川。
千尋,あっ！
ハク,千尋、ありがとう。私の本当の名は、ニギハヤミ・コハクヌシだ。
千尋,ニギハヤミ？
ハク,ニギハヤミ・コハクヌシ。
千尋,すごい名前！神様みたい。
ハク,私も思い出した、千尋が私の中に落ちた時のことを。
ハク,靴を拾おうとしたんだよ。
千尋,そう…コハクが私を浅瀬に運んでくれたのね。
千尋,うれしい…。
リン,帰って来た！
湯婆婆,坊は連れて戻って来たんだろうね？
湯婆婆,ヒッ！
坊,バーバ！
湯婆婆,坊ー！
湯婆婆,ケガはなかったかい？ひどい目に遭ったね！
湯婆婆,ん？
湯婆婆,坊、あなた１人で立てるようになったの？えっ？
ハク,湯バーバ様、約束です。
ハク,千尋と両親を人間の世界に戻してください。
湯婆婆,フン！そう簡単には行かないよ。
湯婆婆,世の中には決まりというものがあるんだ！
一同,ブー！
湯婆婆,うるさいよ！
坊,バーバのケチ。もうやめなよ。
坊,とても面白かったよ、坊。
湯婆婆,で…でもさ、これは決まりなんだよ。じゃないと呪いが解けないんだよ。
坊,千を泣かしたら、バーバ嫌いになっちゃうからね。
湯婆婆,そ…そんな…。
千尋,おばあちゃん。
湯婆婆,おばあちゃん？
千尋,今そっちへ行きます。
千尋,掟のことはハクから聞きました。
湯婆婆,フン！いい覚悟だ。
湯婆婆,これはお前の契約書だよ。こっちへおいで。
湯婆婆,坊、すぐ終わるからね。
千尋,大丈夫よ。
湯婆婆,この中からお前のお父さんとお母さんを見つけな。
湯婆婆,チャンスは１回だ。
湯婆婆,ピタリと当てられたら、お前達は自由だよ。
千尋,ん？おばあちゃん、ダメ。
千尋,ここにはお父さんもお母さんもいないもん。
湯婆婆,いない？！それがお前の答えかい？
千尋,うん。
一同,大当たりー！
千尋,みんな、ありがとう！
湯婆婆,行きな！お前の勝ちだ。早く行っちまいな！
千尋,お世話になりました。
湯婆婆,フン！
千尋,さようなら！
千尋,ありがとう！
坊,またねー！
千尋,ハク！
ハク,行こう！
千尋,お父さんとお母さんは？
ハク,先に行ってる。
千尋,水がない！
ハク,私はこの先には行けない。
ハク,千尋はもと来た道をたどればいいんだ。
ハク,でも、決して振り向いちゃいけないよ。トンネルを出るまではね。
千尋,ハクは？ハクはどうするの？
ハク,私は湯バーバと話をつけて弟子をやめる。
ハク,り戻したから。
ハク,元の世界に私も戻るよ。
千尋,またどこかで会える？
ハク,うん。きっと。
千尋,きっとよ。
ハク,きっと…。
ハク,さぁ、行きな。振り向かないで。
お母さん,千尋！
千尋,あっ…。
お母さん,何してるの？早く来なさい！
千尋,あっ！
千尋,お母さん！お父さん！
お母さん,ダメじゃない？急にいなくなっちゃ。
お父さん,行くよ。
千尋,お母さん、何ともないの？
お母さん,えっ？引っ越しのトラック、もう着いちゃってるわよ。
千尋,あっ…。
お父さん,千尋、早くおいで。
お父さん,足元、気をつけな。
お母さん,千尋、そんなにくっつかないでよ。歩きにくいわ。
お父さん,出口だよ。
お父さん,あれ？
お母さん,なぁに？
お父さん,ひでぇ。
お父さん,あっ、中もホコリだらけだ。
お母さん,いたずら？
お父さん,かなぁ…。
お母さん,だから、やだって言ったのよ。
お母さん,オーライ、オーライ。平気よ。
お父さん,千尋、行くよ。
お母さん,千尋、早くしなさい！